{
    "learning_rate": 0.00012517446033446914,
    "dropout_prob": 0.16153599385587547,
    "lambda_l1": 4.471281569170814e-06,
    "hidden_layer_1": 192,
    "val_loss": 0.012630322482436895
}