{
    "learning_rate": 0.00014067150767463468,
    "dropout_prob": 0.1721025317298535,
    "lambda_l1": 2.7756841173526638e-08,
    "hidden_layer_1": 128,
    "val_loss": 1.7211130261421204
}